Diabetes_binary,count,percentage
0.0,218334,86.06669820245979
1.0,35346,13.933301797540206
