{
  "accuracy": 0.7095762065584487,
  "precision": 0.31894869734878917,
  "recall": 0.7918506909816213,
  "f1_score": 0.4547351196563714,
  "roc_auc": 0.8206298347725526,
  "pr_auc": 0.448368135724197,
  "threshold": 0.5,
  "test_rows": 45895,
  "model": "CatBoost",
  "mlflow_run_id": "3afcc1b13e294fd08a654e2925dfed3e"
}