{
  "Non-Diabetic": {
    "precision": 0.9486810214619411,
    "recall": 0.6947216791851013,
    "f1-score": 0.8020788477244042,
    "support": 38876.0
  },
  "Diabetic": {
    "precision": 0.31894869734878917,
    "recall": 0.7918506909816213,
    "f1-score": 0.4547351196563714,
    "support": 7019.0
  },
  "accuracy": 0.7095762065584487,
  "macro avg": {
    "precision": 0.6338148594053652,
    "recall": 0.7432861850833613,
    "f1-score": 0.6284069836903878,
    "support": 45895.0
  },
  "weighted avg": {
    "precision": 0.8523722474571429,
    "recall": 0.7095762065584487,
    "f1-score": 0.7489574700730365,
    "support": 45895.0
  }
}