{
  "accuracy": 0.7082470857391873,
  "precision": 0.3174393948077254,
  "recall": 0.7891437526713208,
  "f1_score": 0.45275461827693314,
  "roc_auc": 0.8189307274841922,
  "training_time_seconds": 10.680448709055781
}