{
  "Non-Diabetic": {
    "precision": 0.9479715953033818,
    "recall": 0.6936413211235724,
    "f1-score": 0.8011051365081251,
    "support": 38876.0
  },
  "Diabetic": {
    "precision": 0.3174393948077254,
    "recall": 0.7891437526713208,
    "f1-score": 0.45275461827693314,
    "support": 7019.0
  },
  "accuracy": 0.7082470857391873,
  "macro avg": {
    "precision": 0.6327054950555536,
    "recall": 0.7413925368974466,
    "f1-score": 0.6269298773925291,
    "support": 45895.0
  },
  "weighted avg": {
    "precision": 0.8515404913644122,
    "recall": 0.7082470857391873,
    "f1-score": 0.7478297843463485,
    "support": 45895.0
  }
}