{
  "Non-Diabetic": {
    "precision": 0.9484409094108538,
    "recall": 0.6932040333367631,
    "f1-score": 0.8009808292465448,
    "support": 38876.0
  },
  "Diabetic": {
    "precision": 0.31771637778159145,
    "recall": 0.7912808092320843,
    "f1-score": 0.4533877551020408,
    "support": 7019.0
  },
  "accuracy": 0.7082035080074082,
  "macro avg": {
    "precision": 0.6330786435962226,
    "recall": 0.7422424212844236,
    "f1-score": 0.6271842921742928,
    "support": 45895.0
  },
  "weighted avg": {
    "precision": 0.8519803911080802,
    "recall": 0.7082035080074082,
    "f1-score": 0.7478213175912388,
    "support": 45895.0
  }
}