{
  "accuracy": 0.7082035080074082,
  "precision": 0.31771637778159145,
  "recall": 0.7912808092320843,
  "f1_score": 0.4533877551020408,
  "roc_auc": 0.8197164679246332,
  "training_time_seconds": 1.8630325000267476
}