{
  "Non-Diabetic": {
    "precision": 0.9476507713884993,
    "recall": 0.6952104125938883,
    "f1-score": 0.8020357291233902,
    "support": 38876.0
  },
  "Diabetic": {
    "precision": 0.3180431654676259,
    "recall": 0.7872916369853256,
    "f1-score": 0.4530622284168238,
    "support": 7019.0
  },
  "accuracy": 0.7092929513018847,
  "macro avg": {
    "precision": 0.6328469684280627,
    "recall": 0.7412510247896069,
    "f1-score": 0.627548978770107,
    "support": 45895.0
  },
  "weighted avg": {
    "precision": 0.8513610712913511,
    "recall": 0.7092929513018847,
    "f1-score": 0.7486651004828109,
    "support": 45895.0
  }
}