{
  "accuracy": 0.7092929513018847,
  "precision": 0.3180431654676259,
  "recall": 0.7872916369853256,
  "f1_score": 0.4530622284168238,
  "roc_auc": 0.8196025861250212,
  "training_time_seconds": 0.7090157920029014
}