{
  "model": "CatBoost",
  "selection_metric_order": [
    "recall",
    "roc_auc",
    "f1_score"
  ],
  "accuracy": 0.7095762065584487,
  "precision": 0.31894869734878917,
  "recall": 0.7918506909816213,
  "f1_score": 0.4547351196563714,
  "roc_auc": 0.8206298347725526,
  "training_time_seconds": 2.3290430000051856,
  "mlflow_run_id": "3afcc1b13e294fd08a654e2925dfed3e",
  "model_path": "/Users/balavardhan/Desktop/AI Engineering/diabetes-risk-prediction-mlops/models/final_model.joblib"
}